one,two,three,four,key
1,2,3,4,L
1,2,3,4,A
1,2,3,4,B
1,2,3,4,G
1,2,3,4,E
1,2,3,4,F
1,2,3,4,L
1,2,3,4,M
1,2,3,4,Q
1,2,3,4,A
1,2,3,4,B
1,2,3,4,C
1,2,3,4,T
1,2,3,4,S
1,2,3,4,L
1,2,3,4,M
1,2,3,4,U
1,2,3,4,I
1,2,3,4,O
1,2,3,4,P
1,2,3,4,E
1,2,3,4,W
1,2,3,4,S
1,2,3,4,W
1,2,3,4,S
1,2,3,4,A
1,2,3,4,Z
1,2,3,4,X
1,2,3,4,C
1,2,3,4,V
1,2,3,4,A
1,2,3,4,Q
1,2,3,4,Z
1,2,3,4,X
1,2,3,4,K
1,2,3,4,L
1,2,3,4,H
1,2,3,4,T
1,2,3,4,R
1,2,3,4,E
1,2,3,4,S
1,2,3,4,D
1,2,3,4,C
1,2,3,4,W
1,2,3,4,M
1,2,3,4,G
1,2,3,4,H
1,2,3,4,J
1,2,3,4,L
1,2,3,4,R
1,2,3,4,A
1,2,3,4,A
1,2,3,4,A
1,2,3,4,Q
1,2,3,4,L
1,2,3,4,Y
1,2,3,4,N
1,2,3,4,M
1,2,3,4,L
1,2,3,4,E
1,2,3,4,E
1,2,3,4,E
1,2,3,4,E
1,2,3,4,Y
1,2,3,4,I
1,2,3,4,O
1,2,3,4,E
1,2,3,4,S
1,2,3,4,S
1,2,3,4,W
1,2,3,4,E
1,2,3,4,R
1,2,3,4,E
1,2,3,4,R
1,2,3,4,F
1,2,3,4,G
1,2,3,4,T
1,2,3,4,Y
1,2,3,4,E
1,2,3,4,E
1,2,3,4,E
1,2,3,4,T
1,2,3,4,U
1,2,3,4,J
1,2,3,4,H
1,2,3,4,G
1,2,3,4,F
1,2,3,4,D
1,2,3,4,S
1,2,3,4,A
1,2,3,4,Q
1,2,3,4,Z
1,2,3,4,X
1,2,3,4,S
1,2,3,4,C
1,2,3,4,V
1,2,3,4,B
1,2,3,4,M
1,2,3,4,M
